Banky,Russon,brusson0@nih.gov,Male,Indonesia
Gelya,Bee,gbee1@addtoany.com,Female,Malta
Magdalene,Loseby,mloseby2@chronoengine.com,Female,Turkmenistan
Waylon,Tugman,wtugman3@mayoclinic.com,Male,Philippines
Rice,Rustadge,rrustadge4@hexun.com,Male,Thailand
Erin,Buckenhill,ebuckenhill5@google.de,Male,Greece
Joanie,Broadhurst,jbroadhurst6@sohu.com,Female,Panama
Tomaso,Bartlomieczak,tbartlomieczak7@sciencedirect.com,Male,Greece
Josias,Gommes,jgommes8@ask.com,Male,Mexico
Andie,Alldre,aalldre9@kickstarter.com,Female,Lithuania
Shanon,Castrillo,scastrilloa@bluehost.com,Female,China
Bird,Veare,bveareb@arizona.edu,Female,New Zealand
Tova,Braley,tbraleyc@nydailynews.com,Female,China
Lynn,Croll,lcrolld@canalblog.com,Female,Tunisia
Kristin,Hubberstey,khubbersteye@sogou.com,Female,Somalia
Gabi,Jakubowski,gjakubowskif@cdc.gov,Male,Finland
Karna,Bowbrick,kbowbrickg@wikimedia.org,Female,Thailand
Elane,McIver,emciverh@google.com.au,Female,Poland
Raynard,Boards,rboardsi@sogou.com,Male,United States
Eleanore,Trevor,etrevorj@slashdot.org,Female,Sweden
Talbot,Sivell,tsivellk@opera.com,Male,China
Earlie,Lukes,elukesl@sina.com.cn,Male,Sudan
Yolande,Caltera,ycalteram@nhs.uk,Female,Netherlands
Niven,Lindenbaum,nlindenbaumn@irs.gov,Male,Tanzania
Inge,Alesbrook,ialesbrooko@newyorker.com,Female,Bosnia and Herzegovina
Andreas,Bodicam,abodicamp@sogou.com,Male,Kazakhstan
Xylina,Lodden,xloddenq@samsung.com,Female,China
Lanny,Elsop,lelsopr@nba.com,Male,Russia
Abram,Ornelas,aornelass@seattletimes.com,Male,Brazil
Adolf,Pfleger,apflegert@usa.gov,Male,Peru
Gothart,Durno,gdurnou@liveinternet.ru,Male,Ukraine
Ramsey,Colmore,rcolmorev@hp.com,Male,Indonesia
Emmit,Ritchings,eritchingsw@naver.com,Male,Haiti
Parry,Iacobassi,piacobassix@desdev.cn,Male,Philippines
Gerard,Horwell,ghorwelly@sourceforge.net,Male,China
Lorain,Voisey,lvoiseyz@auda.org.au,Female,Kenya
Kipp,Lasham,klasham10@unblog.fr,Female,Costa Rica
Addy,Carsberg,acarsberg11@ustream.tv,Female,Brazil
Anastassia,Brobyn,abrobyn12@go.com,Female,France
Roosevelt,Hickenbottom,rhickenbottom13@disqus.com,Male,Canada
Carla,Mancktelow,cmancktelow14@blogs.com,Female,Syria
Neil,Gower,ngower15@nydailynews.com,Male,Serbia
Florance,Swanger,fswanger16@nationalgeographic.com,Female,Russia
Fawn,Girton,fgirton17@theglobeandmail.com,Female,China
Marla,Desporte,mdesporte18@miibeian.gov.cn,Female,Spain
Chico,Salsberg,csalsberg19@google.co.uk,Male,United States
Ted,Critchell,tcritchell1a@loc.gov,Male,Dominican Republic
Haze,Gunby,hgunby1b@nbcnews.com,Male,United States
Shaylah,Roskilly,sroskilly1c@apache.org,Female,Indonesia
Brig,Escala,bescala1d@wiley.com,Male,Greece
Tedie,Ternott,tternott1e@com.com,Male,Jamaica
Murvyn,Philpots,mphilpots1f@sakura.ne.jp,Male,Philippines
Jere,Girardoni,jgirardoni1g@cmu.edu,Female,Russia
Sully,Zaniolini,szaniolini1h@topsy.com,Male,Indonesia
Zahara,Pardew,zpardew1i@loc.gov,Female,Russia
Thibaud,Grand,tgrand1j@spiegel.de,Male,China
Vivie,Robertet,vrobertet1k@google.cn,Female,Portugal
Coretta,Bosher,cbosher1l@weibo.com,Female,Poland
Justis,Kippins,jkippins1m@cmu.edu,Male,Italy
Hanan,Brookz,hbrookz1n@simplemachines.org,Male,Brazil
Diego,Laming,dlaming1o@xrea.com,Male,Poland
Amalia,Konertz,akonertz1p@biblegateway.com,Female,Sweden
Kippy,Ninnotti,kninnotti1q@ezinearticles.com,Male,Laos
Theodore,Gatman,tgatman1r@whitehouse.gov,Male,Democratic Republic of the Congo
Clerc,Bampfield,cbampfield1s@cyberchimps.com,Male,Japan
Chrisy,Laurent,claurent1t@spotify.com,Male,Brazil
Guthrie,Skilton,gskilton1u@skype.com,Male,China
Reynolds,Deaves,rdeaves1v@eventbrite.com,Male,Slovenia
Evangelia,Bohl,ebohl1w@tamu.edu,Female,Indonesia
Neddie,Brome,nbrome1x@berkeley.edu,Male,Poland
Tammie,Bannister,tbannister1y@cam.ac.uk,Female,Russia
Gerhardt,La Torre,glatorre1z@shareasale.com,Male,Netherlands
Maurine,Bilbery,mbilbery20@51.la,Female,Iran
Pincas,Bouskill,pbouskill21@123-reg.co.uk,Male,Russia
Rita,Plet,rplet22@mediafire.com,Female,Colombia
Isaiah,Ong,iong23@mediafire.com,Male,Ecuador
Austin,MacKeeg,amackeeg24@icio.us,Female,Indonesia
Sela,Boylin,sboylin25@boston.com,Female,Russia
Tamara,Meletti,tmeletti26@nymag.com,Female,China
Brigg,Persitt,bpersitt27@netlog.com,Male,Sudan
Pall,McClancy,pmcclancy28@weebly.com,Male,Bulgaria
Junie,Todarello,jtodarello29@tuttocitta.it,Female,United States
Letitia,McParland,lmcparland2a@earthlink.net,Female,Czech Republic
Rudolfo,Lorroway,rlorroway2b@deviantart.com,Male,Belarus
Geraldine,Wulfinger,gwulfinger2c@redcross.org,Female,Kosovo
Clayton,Grane,cgrane2d@businessinsider.com,Male,Palestinian Territory
Alleen,Drinkale,adrinkale2e@wikispaces.com,Female,Guatemala
Caleb,Senechault,csenechault2f@walmart.com,Male,China
Malvin,Isenor,misenor2g@businessinsider.com,Male,Russia
Lissy,Spiers,lspiers2h@hexun.com,Female,Czech Republic
Roderick,Jillings,rjillings2i@cyberchimps.com,Male,Indonesia
Kerry,Donhardt,kdonhardt2j@facebook.com,Female,Sweden
Phylys,Verrill,pverrill2k@youku.com,Female,Russia
Simone,Trank,strank2l@digg.com,Female,China
Devonne,Matzke,dmatzke2m@washingtonpost.com,Female,Nigeria
Denise,Pilmore,dpilmore2n@bigcartel.com,Female,Finland
Lorinda,Bingell,lbingell2o@etsy.com,Female,Mongolia
Tucky,Rainsbury,trainsbury2p@twitter.com,Male,Portugal
Martita,Lyte,mlyte2q@sciencedaily.com,Female,Indonesia
Fremont,Blacket,fblacket2r@360.cn,Male,China